{"type": "block", "layer": 2, "block": 10, "features": [{"geom": {"lines": [[-30.41763414302841, 1049.7506569596007, 0.0, -39.30853021447547, 1050.04237864865, 0.0, -45.31975117861293, 1049.4661353956908, 0.0, -53.612772792810574, 1048.2239684290253, 0.0, -60.9278145194985, 1046.4121208167635, 0.0, -192.19381271931343, 1020.451150404755, 0.0, -345.40579396882094, 988.5351661634631, 0.0, -391.50367417931557, 978.5916800010018, 0.0, -469.46164241968654, 963.3513724403456, 0.0, -533.5138134455774, 950.3634348488413, 0.0, -540.0347571873572, 950.5487775621004, 0.0, -546.1824922088999, 952.7084923367947, 0.0, -551.3733513446059, 956.6293894201517, 0.0, -555.1189031254034, 961.9488365245052, 0.0, -557.0534274808597, 968.1421898207627, 0.0]]}, "mtl": 0}, {"geom": {"lines": [[-535.8018232868053, 715.797040803358, 0.0, -526.0013762528542, 714.9728598296642, 0.0, -374.3145764253568, 701.3290070858784, 0.0, -338.36236798763275, 696.9388320422731, 0.0, -291.7068217538763, 696.6288610100746, 0.0, -265.80007596709765, 697.1112493760884, 0.0, -197.47563179652207, 702.1553022987209, 0.0, -185.9497962561436, 704.3582200217061, 0.0, -167.0869790452998, 709.3734869579785, 0.0, -151.92525563621894, 713.769333224278, 0.0, -138.04289644630626, 718.0525235668756, 0.0, -122.47762123285793, 722.270060820505, 0.0, -89.84202436939813, 725.5328494682908, 0.0, -35.75465600891039, 731.0219762274064, 0.0]]}, "mtl": 0}, {"geom": {"lines": [[-708.2607490264345, 897.9543747589923, 0.0, -690.6250390021596, 901.2880462277681, 0.0, -656.0054692670237, 907.0561703424901, 0.0], [-652.9083991069347, 907.5721873007715, 0.0, -611.7293332626577, 914.4332189233974, 0.0, -601.0806056743022, 918.4767646994442, 0.0, -559.657396347262, 926.3598500275984, 0.0, -548.006715191761, 929.7350589730777, 0.0, -535.0259092363995, 935.6131859868765, 0.0, -467.7066501060035, 955.0718260263093, 0.0, -344.0596804760862, 979.6563546732068, 0.0, -190.39042543037795, 1011.7966230865568, 0.0, -168.6254194721114, 1016.3893850967288, 0.0, -59.38371570641175, 1039.4539344459772, 0.0, -51.08261400857009, 1040.8964170906693, 0.0, -42.73238667822443, 1043.35208774684, 0.0, -37.339231868973, 1046.0164077430964, 0.0, -30.41763414302841, 1049.7506569596007, 0.0]]}, "mtl": 0}, {"geom": {"lines": [[-579.0751358396374, 836.2638619481586, 0.0, -544.0186151952948, 842.6184857725166, 0.0, -534.1214739100542, 844.9229656131938, 0.0, -527.126979919849, 849.5824062265456, 0.0, -523.0548866933677, 855.2076311646961, 0.0, -522.7985469123814, 862.7171328309923, 0.0, -525.3128912372049, 877.4970025192015, 0.0, -536.5553867074195, 927.3472956730984, 0.0, -535.0259092363995, 935.6131859868765, 0.0, -533.5138134455774, 950.3634348488413, 0.0]]}, "mtl": 0}, {"geom": {"lines": [[-2377.7025192964356, -1.3110978999175131, 0.0, -2377.321679704357, -1.5185586665757, 0.0], [-2353.2809505083133, -14.614644832909107, 0.0, -2324.4320754730143, -30.329948232043535, 0.0], [-2315.9079278856516, -34.97344179591164, 0.0, -2296.587836985709, -45.49798009498045, 0.0, -2295.5832004377153, -45.68332200637087, 0.0]]}, "mtl": 0}, {"geom": {"lines": [[-1944.9704366652295, -260.9920365284197, 0.0, -1948.9556677346118, -264.03030386101454, 0.0, -1962.7211273799185, -263.1296142791398, 0.0, -1970.260591795668, -260.9920365284197, 0.0], [-1987.8618667284027, -255.0912707010284, 0.0, -1989.7368512528483, -254.42704231850803, 0.0, -1992.7831289083697, -253.9559909682721, 0.0]]}, "mtl": 0}, {"geom": {"lines": [[-30.41763414302841, 1049.7506569596007, 0.0, 17.33978932723403, 1058.8294831081294, 0.0, 62.531500747660175, 1065.7060476131737, 0.0, 147.02869446156546, 1076.0139172137715, 0.0, 199.95113291568123, 1081.6603357521817, 0.0, 263.4767974128481, 1082.7094098064117, 0.0, 276.7748235396575, 1083.3174002226442, 0.0]]}, "mtl": 0}, {"geom": {"lines": [[-2.053742090240121, 814.1606964101084, 0.0, 21.943094061454758, 813.6104116267525, 0.0]]}, "mtl": 0}, {"geom": {"lines": [[204.8693595342338, 1042.221562886145, 0.0, 199.95113291568123, 1081.6603357521817, 0.0]]}, "mtl": 0}, {"geom": {"lines": [[208.3156594845932, 1153.423893514555, 0.0, 207.3484515917953, 1162.400688687805, 0.0]]}, "mtl": 0}, {"geom": {"lines": [[-756.9120952233206, -32.867296929936856, 0.0, -760.8992500158492, 15.903840953484178, 0.0]]}, "mtl": 0}, {"geom": {"lines": [[-760.7527781471144, -453.568594542332, 0.0, -713.2879153029062, -464.3991248407401, 0.0, -657.3118875266518, -477.17462031776085, 0.0, -592.7965347256977, -491.8934492911212, 0.0, -560.3869873487856, -499.2834944408387, 0.0]]}, "mtl": 0}, {"geom": {"lines": [[-724.0573263855185, -588.0924605168402, 0.0, -735.3837155380752, -597.5908278897405, 0.0, -741.3332050736062, -608.679471353069, 0.0, -744.5758743577171, -628.1302356910892, 0.0, -750.342929214472, -654.6226847171783, 0.0, -752.6148078634869, -678.0305773774162, 0.0]]}, "mtl": 0}, {"geom": {"lines": [[-727.5142133214977, -317.6622291551903, 0.0, -736.5899656612892, -354.78069849079475, 0.0, -743.7641492506955, -384.0910666603595, 0.0]]}, "mtl": 0}, {"geom": {"lines": [[-713.2879153029062, -464.3991248407401, 0.0, -720.9335534390993, -500.00886380067095, 0.0, -724.255706773838, -515.4994525318034, 0.0, -727.7290255315602, -531.6754872044548, 0.0, -734.7445882402826, -564.3199429376982, 0.0]]}, "mtl": 0}, {"geom": {"lines": [[-734.7445882402826, -564.3199429376982, 0.0, -724.4211915906053, -567.5234349616803, 0.0, -682.3343904807698, -580.6059848479927, 0.0, -649.9582447540015, -588.775479839649, 0.0, -636.9007313556504, -589.5789273967966, 0.0, -633.1742861857638, -589.6024750084616, 0.0, -629.8023795571644, -588.0791238518432, 0.0, -604.6427017136011, -571.5803702343255, 0.0, -601.23725371412, -569.2778782993555, 0.0, -597.1659599053673, -567.6728274095803, 0.0, -568.2404807347339, -557.924959724769, 0.0]]}, "mtl": 0}, {"geom": {"lines": [[-724.255706773838, -515.4994525318034, 0.0, -669.6592594771646, -528.9704331210814, 0.0]]}, "mtl": 0}, {"geom": {"lines": [[-719.306731081102, -30.20845041796565, 0.0, -722.6849947383162, 19.105974389705807, 0.0]]}, "mtl": 0}, {"geom": {"lines": [[-181.40150785888545, -722.6229212563485, 0.0, -236.3203417896293, -744.3297737231478, 0.0, -263.02584243169986, -754.8930131266825, 0.0, -310.25565654574893, -770.6925026616082, 0.0, -316.19900686922483, -772.3863576496951, 0.0, -351.4318889286369, -779.6504551721737, 0.0, -361.01512220618315, -781.5383096635342, 0.0, -403.1725635700859, -795.678808609955, 0.0, -413.95231639477424, -798.8852387871593, 0.0, -421.9052609191276, -800.3751976117492, 0.0, -463.4094147768337, -805.1191563941538, 0.0, -488.7320135475602, -808.5341950249858, 0.0, -516.8773170898203, -812.5104674426839, 0.0, -540.5004940023646, -817.0008209850639, 0.0, -561.5693752572406, -818.5343697909266, 0.0, -597.5630059558898, -817.6870923158713, 0.0, -625.6183633427136, -820.1813055844977, 0.0, -647.3108663416933, -828.8550113537349, 0.0, -668.0595030484255, -836.2235304438509, 0.0, -683.9433053929824, -840.3234266876243, 0.0, -707.4491721992381, -829.0493200044148, 0.0, -718.822711313609, -828.1560220597312, 0.0]]}, "mtl": 0}, {"geom": {"lines": [[-693.3492840968538, 50.17480543022975, 0.0, -692.1248649393674, 21.034210446290672, 0.0, -689.8409580758307, -28.693902036640793, 0.0, -688.2272303195205, -60.034726242534816, 0.0, -686.0612579293083, -79.55274005467072, 0.0, -684.5439895587042, -99.92708163242787, 0.0, -679.9140713999514, -151.9510469515808, 0.0]]}, "mtl": 0}, {"geom": {"lines": [[-689.8409580758307, -28.693902036640793, 0.0, -579.9262739513069, -19.971292961854488, 0.0]]}, "mtl": 0}, {"geom": {"lines": [[-592.7965347256977, -491.8934492911212, 0.0, -568.3040024593938, -356.8853355613537, 0.0, -564.0290496826638, -208.2183139277622, 0.0, -563.913107626373, -196.48535803426057, 0.0, -568.4788606872316, -145.3241004301235, 0.0, -574.5297887909692, -71.75456879613921, 0.0, -579.9262739513069, -19.971292961854488, 0.0, -587.1914815013297, 55.254779973533005, 0.0]]},