{"type": "block", "layer": 2, "block": 28, "features": [{"geom": {"lines": [[4553.7164185734, -2016.2428254080005, 0.0, 4591.599837203976, -2021.4954888606444, 0.0, 4617.039949997561, -2026.812989466358, 0.0, 4637.591512965271, -2036.8690540399402, 0.0, 4674.891976050334, -2060.617354488466, 0.0, 4684.069493811345, -2067.386967039667, 0.0, 4690.979946316918, -2071.968489430379, 0.0, 4701.666775821475, -2075.214064404834, 0.0, 4744.022840416292, -2084.5856698332354, 0.0, 4752.168074349174, -2086.646318156738, 0.0, 4760.161707271356, -2089.2037776014768, 0.0, 4767.985022345325, -2092.2590556601062, 0.0, 4775.599393333076, -2095.7920190901496, 0.0, 4784.063242907869, -2100.6342007629573, 0.0, 4792.842995478772, -2104.89297766285, 0.0, 4801.898831468774, -2108.5260673449375, 0.0, 4811.18395526777, -2111.5359865468927, 0.0, 4860.583122909768, -2124.2820201758295, 0.0, 4923.42624202813, -2136.5598130691797, 0.0, 4953.150294638472, -2143.8560998365283, 0.0, 4971.491214987589, -2147.87783802161, 0.0, 4979.4568395558745, -2150.958629953675, 0.0, 4987.354442887241, -2155.0426158513874, 0.0, 5005.794734183, -2170.6758120572194, 0.0, 5021.217000739416, -2180.8073674519546, 0.0, 5028.828171248315, -2182.7077580550686, 0.0, 5032.031058518449, -2184.2203561118804, 0.0], [5032.738694613567, -2184.554544889834, 0.0, 5063.286898628809, -2198.9812637022696, 0.0], [5082.782461983385, -2213.407982515171, 0.0, 5093.460171930492, -2224.541335709393, 0.0, 5113.7695377850905, -2246.3881855588406, 0.0]]}, "mtl": 0}, {"geom": {"lines": [[3903.276833975222, -1617.9249822101556, 0.0, 3910.277334470069, -1622.6242512241006, 0.0, 4007.8959947666153, -1691.9584236871451, 0.0]]}, "mtl": 0}, {"geom": {"lines": [[3946.661057490157, -1464.1224470543675, 0.0, 3952.7410521858837, -1465.8392476746812, 0.0, 4051.1141200491693, -1501.767019443214, 0.0, 4139.51201456436, -1533.6877952413633, 0.0, 4187.797683110926, -1551.1163542401046, 0.0, 4195.320560879307, -1553.8327354737557, 0.0, 4311.10907370178, -1598.550897124689, 0.0, 4320.732120642904, -1602.0982859022915, 0.0, 4346.58598906151, -1617.0561151388101, 0.0, 4489.40833188151, -1694.269695472438, 0.0, 4494.232705430826, -1696.5423933183774, 0.0, 4501.535460411804, -1700.0478296438232, 0.0, 4506.174108656589, -1692.2352501316927, 0.0, 4509.93305340386, -1684.4699776745401, 0.0, 4549.430471694795, -1585.93533109501, 0.0, 4552.759689114522, -1577.8599630445242, 0.0]]}, "mtl": 0}, {"geom": {"lines": [[3974.6161887503695, -1521.0036067231558, 0.0, 4034.438269724371, -1542.8439247789793, 0.0, 4102.352155554807, -1567.5030759978108, 0.0, 4106.254388838541, -1572.179924480617, 0.0, 4106.603727239417, -1578.6802660659887, 0.0, 4081.4282853102777, -1607.5978278899565, 0.0]]}, "mtl": 0}, {"geom": {"lines": [[4187.797683110926, -1551.1163542401046, 0.0, 4183.507982248208, -1576.423900601454, 0.0, 4146.326236042893, -1634.106934871059, 0.0, 4140.522728186334, -1643.1258056592196, 0.0, 4128.777933660662, -1658.949771087151, 0.0, 4117.020346760051, -1674.8104801741429, 0.0]]}, "mtl": 0}, {"geom": {"lines": [[4146.326236042893, -1634.106934871059, 0.0, 4179.761580400402, -1656.5428378768265, 0.0, 4159.993034600047, -1682.1603103764355, 0.0, 4128.777933660662, -1658.949771087151, 0.0]]}, "mtl": 0}, {"geom": {"lines": [[4236.827857629163, -1790.224230675958, 0.0, 4247.155648043845, -1761.370793050155, 0.0], [4254.040841653477, -1742.1351679665968, 0.0, 4257.483438458294, -1732.5173554248177, 0.0], [4262.647333665518, -1718.0906366123818, 0.0, 4273.567050657468, -1687.583494186867, 0.0]]}, "mtl": 0}, {"geom": {"lines": [[4253.1114325663075, -1800.5167980352417, 0.0, 4255.098113426007, -1798.3131498401053, 0.0, 4283.884351134766, -1739.1375232399441, 0.0]]}, "mtl": 0}, {"geom": {"lines": [[4510.595149584347, -1705.1579763144255, 0.0, 4455.554907072568, -1768.8004416152835, 0.0, 4423.561499886913, -1804.9712099581957, 0.0, 4378.671509709908, -1865.224167143926, 0.0, 4371.301053300966, -1876.7845435519703, 0.0]]}, "mtl": 0}, {"geom": {"lines": [[4374.774075784488, -1565.6307475226931, 0.0, 4391.452332061017, -1574.5404531760141, 0.0, 4393.807460142998, -1577.8455330911092, 0.0, 4393.730014900677, -1581.2925193826668, 0.0, 4386.075403193012, -1600.7395788938738, 0.0, 4389.536338311853, -1605.5844480972737, 0.0, 4404.712228559423, -1614.13069158094, 0.0]]}, "mtl": 0}, {"geom": {"lines": [[4378.671509709908, -1865.224167143926, 0.0, 4406.97209942108, -1882.1021509482525, 0.0], [4527.175745401299, -1952.8195344093256, 0.0, 4529.995121169137, -1954.374950075522, 0.0]]}, "mtl": 0}, {"geom": {"lines": [[4423.561499886913, -1804.9712099581957, 0.0, 4471.699568763608, -1834.2788506946526, 0.0, 4509.194728864124, -1858.527969385963, 0.0]]}, "mtl": 0}, {"geom": {"lines": [[4439.95921510295, -1876.7845435519703, 0.0, 4471.699568763608, -1834.2788506946526, 0.0]]}, "mtl": 0}, {"geom": {"lines": [[4449.893548255088, -1578.872139852494, 0.0, 4451.179041087395, -1581.1352476822212, 0.0, 4449.512475848896, -1587.1443078587763, 0.0, 4444.205406619469, -1597.5360566880554, 0.0, 4440.486366649391, -1604.8216037326492, 0.0]]}, "mtl": 0}, {"geom": {"lines": [[4455.554907072568, -1768.8004416152835, 0.0, 4534.957817755872, -1815.5842001321726, 0.0]]}, "mtl": 0}, {"geom": {"lines": [[4479.094287009211, -1903.5360459373333, 0.0, 4493.948834923329, -1881.3263913686387, 0.0, 4509.194728864124, -1858.527969385963, 0.0, 4527.255954858614, -1831.5355574032292, 0.0, 4531.663939444814, -1824.6682766131125, 0.0, 4534.957817755872, -1815.5842001321726, 0.0, 4537.456554641714, -1810.5632206676528, 0.0, 4553.413286049617, -1785.1054660249501, 0.0, 4578.53234880371, -1745.0281522460282, 0.0]]}, "mtl": 0}, {"geom": {"lines": [[4526.613195759011, -1958.5359501573257, 0.0, 4529.995121169137, -1954.374950075522, 0.0, 4558.772747995099, -1923.6743350145407, 0.0, 4561.487276248401, -1920.396480851341, 0.0, 4564.652974940138, -1916.0837238077074, 0.0, 4568.7981739875395, -1906.5984638561495, 0.0, 4571.720538615948, -1902.2987900618464, 0.0, 4581.2722241187, -1892.6449110023677, 0.0, 4600.472869432764, -1873.5762127316557, 0.0, 4602.195873389486, -1872.106406233739, 0.0, 4627.27049738518, -1842.1932885106653, 0.0, 4633.181259750621, -1836.044744178187, 0.0, 4638.794405310182, -1829.4235433638096, 0.0, 4664.45799169899, -1795.458262801636, 0.0, 4750.367037828779, -1651.0570700378157, 0.0]]}, "mtl": 0}, {"geom": {"lines": [[4493.948834923329, -1881.3263913686387, 0.0, 4561.487276248401, -1920.396480851341, 0.0, 4566.032805458875, -1930.0473765651695, 0.0, 4569.145439963089, -1941.1524669281207, 0.0, 4574.042099482613, -1947.9080481268466, 0.0, 4586.125154784415, -1952.5112863346003, 0.0, 4612.58206023206, -1959.984156656079, 0.0, 4617.803973457543, -1958.8259251513518, 0.0, 4621.775374355959, -1955.3582857395522, 0.0, 4643.308648120845, -1891.884749465622, 0.0]]}, "mtl": 0}, {"geom": {"lines": [[4548.213233575458, -2016.2428254080005, 0.0, 4542.750260577304, -2030.6417655986734, 0.0, 4540.3548754605, -2042.2985014216974, 0.0, 4538.866783826845, -2052.1517131617293, 0.0, 4544.445511444705, -2066.877984794788, 0.0, 4545.333555993391, -2073.949700659141, 0.0]]}, "mtl": 0}, {"geom": {"lines": [[4501.535460411804, -1700.0478296438232, 0.0, 4510.595149584347, -1705.1579763144255, 0.0, 4578.53234880371, -1745.0281522460282, 0.0, 4664.45799169899, -1795.458262801636, 0.0]]},